{"train_loss": 1130.733766161706, "test_loss": 896.6914769264799, "_timestamp": 1720618312.9206133, "_runtime": 2184.891129255295, "_step": 1, "_wandb": {"runtime": 2841}}