{"validation_rmse": 30.962560094439254, "trial_number": 19, "_timestamp": 1720803782.941106, "_runtime": 5498.049823045731, "_step": 19, "_wandb": {"runtime": 5713}}