{"train_loss": 58.47775297345731, "train_mse": 58.477962493896484, "test_loss": 689.9732212235971, "test_mse": 690.525146484375, "_timestamp": 1720707176.2763124, "_runtime": 5404.903789281845, "_step": 5, "_wandb": {"runtime": 5844}}