{"train_loss": 1119.3780390137194, "train_mse": 1119.386962890625, "test_loss": 868.167075931559, "test_mse": 868.4088745117188, "_timestamp": 1720809253.6599002, "_runtime": 8994.374727249146, "_step": 9, "_wandb": {"runtime": 8990}}