{"train_loss": 1162.122829988041, "train_mse": 1162.120849609375, "test_loss": 908.5436698574932, "test_mse": 908.7123413085938, "_timestamp": 1720753483.2394874, "_runtime": 45584.17998838425, "_step": 49, "_wandb": {"runtime": 45583}}