{"train_loss": 1164.0603012359427, "train_mse": 1164.0596923828125, "test_loss": 905.9849455910626, "test_mse": 906.1849365234375, "_timestamp": 1720753446.4309952, "_runtime": 45580.21687412262, "_step": 49, "_wandb": {"runtime": 45579}}