{"train_loss": 35.18009057784463, "train_mse": 35.179405212402344, "test_loss": 605.711406336752, "test_mse": 606.2504272460938, "_timestamp": 1720753379.3700526, "_runtime": 45604.605870485306, "_step": 49, "_wandb": {"runtime": 45604}}