{"train_loss": 1128.6842404793465, "train_mse": 1128.7052001953125, "test_loss": 904.2471558892073, "test_mse": 904.4708862304688, "_timestamp": 1720753479.2947562, "_runtime": 45611.02234721184, "_step": 49, "_wandb": {"runtime": 45610}}