{"train_loss": 1115.2721708498943, "test_loss": 906.9350132556248, "_timestamp": 1720705793.3598504, "_runtime": 86136.84480452538, "_step": 99, "_wandb": {"runtime": 86133}}