{"train_loss": 36.37748837134881, "train_mse": 36.37853240966797, "test_loss": 473.3969303095621, "test_mse": 473.9090270996094, "_timestamp": 1720753395.8871572, "_runtime": 45540.8017783165, "_step": 49, "_wandb": {"runtime": 45533}}